2025-11-24_16-50-26,0,draft.py:2025-11-24_16-50-26
2025-11-24_17-11-14,0,draft.py:2025-11-24_16-50-26
2025-11-24_18-06-49,0,draft.py:2025-11-24_16-50-26
2025-12-01_12-46-03,0,draft.py:2025-11-24_16-50-26
2025-12-01_13-25-11,0,draft.py:2025-12-01_13-25-11
2025-12-01_13-25-12,0,draft.py:2025-12-01_13-25-11
2025-12-01_13-25-14,0,draft.py:2025-12-01_13-25-11
2025-12-01_13-25-48,100,draft.py:2025-12-01_13-25-48
2025-12-01_13-42-40,100,draft.py:2025-12-01_13-42-40
2025-12-01_14-30-01,100,draft.py:2025-12-01_13-42-40
2025-12-01_14-51-28,100,draft.py:2025-12-01_13-42-40
2025-12-01_15-18-46,100,draft.py:2025-12-01_13-42-40
